{
  "libero_90": {
    "state_mean": [
      -0.003004387946360281,
      0.3755420874742491,
      0.014598653238457455,
      -1.9980946104693333,
      -0.035811774605914254,
      2.299688026991134,
      0.7777020253896086,
      0.0,
      0.0,
      0.0,
      0.027247331970010717,
      0.0,
      0.0,
      0.0,
      0.0,
      0.0,
      0.0,
      0.0,
      0.0,
      0.0,
      0.0,
      0.0,
      0.0,
      0.0,
      0.0,
      0.0,
      0.0,
      0.0,
      0.0,
      0.0,
      -0.07340817415898329,
      0.01729707723512618,
      0.9100075830123048,
      0.6246673432325389,
      -0.050271048711233814,
      0.062399801364417556,
      -0.03507585915440648,
      -0.8510245582604917,
      -0.04232000231053913,
      0.0,
      0.0,
      0.0,
      0.0,
      0.0,
      0.0,
      0.0,
      0.0,
      0.0,
      0.0,
      0.0,
      0.0,
      0.0,
      0.0,
      0.0,
      0.0,
      0.0,
      0.0,
      0.0,
      0.0,
      0.0,
      0.0,
      0.0,
      0.0,
      0.0,
      0.0,
      0.0,
      0.0,
      0.0,
      0.0,
      0.0,
      0.0,
      0.0,
      0.0,
      0.0,
      0.0,
      0.0,
      0.0,
      0.0,
      0.0,
      0.0,
      0.0,
      0.0,
      0.0,
      0.0,
      0.0,
      0.0,
      0.0,
      0.0,
      0.0,
      0.0,
      0.0,
      0.0,
      0.0,
      0.0,
      0.0,
      0.0,
      0.0,
      0.0,
      0.0,
      0.0,
      0.0,
      0.0,
      0.0,
      0.0,
      0.0,
      0.0,
      0.0,
      0.0,
      0.0,
      0.0,
      0.0,
      0.0,
      0.0,
      0.0,
      0.0,
      0.0,
      0.0,
      0.0,
      0.0,
      0.0,
      0.0,
      0.0,
      0.0,
      0.0,
      0.0,
      0.0,
      0.0,
      0.0
    ],
    "state_std": [
      0.14721203076693418,
      0.3502210088567305,
      0.18891985034782932,
      0.44494695528455014,
      0.4675079273515467,
      0.29985123876573955,
      0.6920815969523574,
      1e-06,
      1e-06,
      1e-06,
      0.014656206658093767,
      1e-06,
      1e-06,
      1e-06,
      1e-06,
      1e-06,
      1e-06,
      1e-06,
      1e-06,
      1e-06,
      1e-06,
      1e-06,
      1e-06,
      1e-06,
      1e-06,
      1e-06,
      1e-06,
      1e-06,
      1e-06,
      1e-06,
      0.11238273854384338,
      0.15481654220881136,
      0.23715056980136148,
      0.5703265188504488,
      0.2158596762863284,
      0.4811466084255876,
      0.33859350546157674,
      0.33728501968019053,
      0.21054490329885892,
      1e-06,
      1e-06,
      1e-06,
      1e-06,
      1e-06,
      1e-06,
      1e-06,
      1e-06,
      1e-06,
      1e-06,
      1e-06,
      1e-06,
      1e-06,
      1e-06,
      1e-06,
      1e-06,
      1e-06,
      1e-06,
      1e-06,
      1e-06,
      1e-06,
      1e-06,
      1e-06,
      1e-06,
      1e-06,
      1e-06,
      1e-06,
      1e-06,
      1e-06,
      1e-06,
      1e-06,
      1e-06,
      1e-06,
      1e-06,
      1e-06,
      1e-06,
      1e-06,
      1e-06,
      1e-06,
      1e-06,
      1e-06,
      1e-06,
      1e-06,
      1e-06,
      1e-06,
      1e-06,
      1e-06,
      1e-06,
      1e-06,
      1e-06,
      1e-06,
      1e-06,
      1e-06,
      1e-06,
      1e-06,
      1e-06,
      1e-06,
      1e-06,
      1e-06,
      1e-06,
      1e-06,
      1e-06,
      1e-06,
      1e-06,
      1e-06,
      1e-06,
      1e-06,
      1e-06,
      1e-06,
      1e-06,
      1e-06,
      1e-06,
      1e-06,
      1e-06,
      1e-06,
      1e-06,
      1e-06,
      1e-06,
      1e-06,
      1e-06,
      1e-06,
      1e-06,
      1e-06,
      1e-06,
      1e-06,
      1e-06,
      1e-06,
      1e-06,
      1e-06
    ],
    "action_mean": [
      0.0,
      0.0,
      0.0,
      0.0,
      0.0,
      0.0,
      0.0,
      0.0,
      0.0,
      0.0,
      0.47847222222222224,
      0.0,
      0.0,
      0.0,
      0.0,
      0.0,
      0.0,
      0.0,
      0.0,
      0.0,
      0.0,
      0.0,
      0.0,
      0.0,
      0.0,
      0.0,
      0.0,
      0.0,
      0.0,
      0.0,
      8.537946428571424e-05,
      0.003714983258928591,
      -0.003010649181547575,
      0.9988171213027173,
      0.0023437910823094236,
      -0.0017545889814209082,
      -0.002354539974797798,
      0.9989732144351222,
      0.0023112959321501033,
      0.0,
      0.0,
      0.0,
      0.0,
      0.0,
      0.0,
      0.0,
      0.0,
      0.0,
      0.0,
      0.0,
      0.0,
      0.0,
      0.0,
      0.0,
      0.0,
      0.0,
      0.0,
      0.0,
      0.0,
      0.0,
      0.0,
      0.0,
      0.0,
      0.0,
      0.0,
      0.0,
      0.0,
      0.0,
      0.0,
      0.0,
      0.0,
      0.0,
      0.0,
      0.0,
      0.0,
      0.0,
      0.0,
      0.0,
      0.0,
      0.0,
      0.0,
      0.0,
      0.0,
      0.0,
      0.0,
      0.0,
      0.0,
      0.0,
      0.0,
      0.0,
      0.0,
      0.0,
      0.0,
      0.0,
      0.0,
      0.0,
      0.0,
      0.0,
      0.0,
      0.0,
      0.0,
      0.0,
      0.0,
      0.0,
      0.0,
      0.0,
      0.0,
      0.0,
      0.0,
      0.0,
      0.0,
      0.0,
      0.0,
      0.0,
      0.0,
      0.0,
      0.0,
      0.0,
      0.0,
      0.0,
      0.0,
      0.0,
      0.0,
      0.0,
      0.0,
      0.0,
      0.0,
      0.0
    ],
    "action_std": [
      1e-06,
      1e-06,
      1e-06,
      1e-06,
      1e-06,
      1e-06,
      1e-06,
      1e-06,
      1e-06,
      1e-06,
      0.49953633980316875,
      1e-06,
      1e-06,
      1e-06,
      1e-06,
      1e-06,
      1e-06,
      1e-06,
      1e-06,
      1e-06,
      1e-06,
      1e-06,
      1e-06,
      1e-06,
      1e-06,
      1e-06,
      1e-06,
      1e-06,
      1e-06,
      1e-06,
      0.01417482412372136,
      0.01875145982470056,
      0.021489214406156296,
      0.0024616301877746667,
      0.03730644354138199,
      0.030950862678950093,
      0.03736441757765295,
      0.0026017735898850656,
      0.025273740661994306,
      1e-06,
      1e-06,
      1e-06,
      1e-06,
      1e-06,
      1e-06,
      1e-06,
      1e-06,
      1e-06,
      1e-06,
      1e-06,
      1e-06,
      1e-06,
      1e-06,
      1e-06,
      1e-06,
      1e-06,
      1e-06,
      1e-06,
      1e-06,
      1e-06,
      1e-06,
      1e-06,
      1e-06,
      1e-06,
      1e-06,
      1e-06,
      1e-06,
      1e-06,
      1e-06,
      1e-06,
      1e-06,
      1e-06,
      1e-06,
      1e-06,
      1e-06,
      1e-06,
      1e-06,
      1e-06,
      1e-06,
      1e-06,
      1e-06,
      1e-06,
      1e-06,
      1e-06,
      1e-06,
      1e-06,
      1e-06,
      1e-06,
      1e-06,
      1e-06,
      1e-06,
      1e-06,
      1e-06,
      1e-06,
      1e-06,
      1e-06,
      1e-06,
      1e-06,
      1e-06,
      1e-06,
      1e-06,
      1e-06,
      1e-06,
      1e-06,
      1e-06,
      1e-06,
      1e-06,
      1e-06,
      1e-06,
      1e-06,
      1e-06,
      1e-06,
      1e-06,
      1e-06,
      1e-06,
      1e-06,
      1e-06,
      1e-06,
      1e-06,
      1e-06,
      1e-06,
      1e-06,
      1e-06,
      1e-06,
      1e-06,
      1e-06,
      1e-06,
      1e-06
    ]
  }
}